{
  "python_fn": {
    "mode": "full",
    "function_name": "python_fn",
    "n_invocations": 10,
    "n_cold": 1,
    "n_warm": 9,
    "cold_start_rate": 0.1,
    "p50_cold_start_ms": 789.8197000001801,
    "p99_cold_start_ms": 789.8197000001801,
    "mean_cold_start_ms": 789.8197000001801,
    "p50_total_ms": 26.079250000066168,
    "p99_total_ms": 735.7509820001043,
    "mean_total_ms": 102.89258000002519,
    "prediction_precision": 0.0,
    "prediction_recall": 0.0,
    "prediction_f1": 0.0,
    "prewarm_triggered": 1,
    "prewarm_hit": 0,
    "prewarm_wasted": 0,
    "pool_overhead_pct": 0.0
  },
  "node_fn": {
    "mode": "full",
    "function_name": "node_fn",
    "n_invocations": 64,
    "n_cold": 1,
    "n_warm": 63,
    "cold_start_rate": 0.015625,
    "p50_cold_start_ms": 807.9305999999633,
    "p99_cold_start_ms": 807.9305999999633,
    "mean_cold_start_ms": 807.9305999999633,
    "p50_total_ms": 27.046400000017456,
    "p99_total_ms": 331.0555340000226,
    "mean_total_ms": 38.21893749999106,
    "prediction_precision": 0.0,
    "prediction_recall": 0.0,
    "prediction_f1": 0.0,
    "prewarm_triggered": 1,
    "prewarm_hit": 0,
    "prewarm_wasted": 0,
    "pool_overhead_pct": 0.0
  },
  "java_fn": {
    "mode": "full",
    "function_name": "java_fn",
    "n_invocations": 5,
    "n_cold": 1,
    "n_warm": 4,
    "cold_start_rate": 0.2,
    "p50_cold_start_ms": 624.8520000001463,
    "p99_cold_start_ms": 624.8520000001463,
    "mean_cold_start_ms": 624.8520000001463,
    "p50_total_ms": 24.581399999988207,
    "p99_total_ms": 623.5719120000704,
    "mean_total_ms": 147.89128000006713,
    "prediction_precision": 0.0,
    "prediction_recall": 0.0,
    "prediction_f1": 0.0,
    "prewarm_triggered": 1,
    "prewarm_hit": 0,
    "prewarm_wasted": 0,
    "pool_overhead_pct": 0.0
  }
}