{
  "20260421_110653_baseline": {
    "node_fn": {
      "mode": "baseline",
      "function_name": "node_fn",
      "n_invocations": 64,
      "n_cold": 1,
      "n_warm": 63,
      "cold_start_rate": 0.015625,
      "p50_cold_start_ms": 1818.9150999999129,
      "p99_cold_start_ms": 1818.9150999999129,
      "mean_cold_start_ms": 1818.9150999999129,
      "p50_total_ms": 16.279450000070028,
      "p99_total_ms": 701.7086029999699,
      "mean_total_ms": 45.956529687494196,
      "prediction_precision": null,
      "prediction_recall": null,
      "prediction_f1": null,
      "prewarm_triggered": 0,
      "prewarm_hit": 0,
      "prewarm_wasted": 0,
      "pool_overhead_pct": 0.0
    },
    "python_fn": {
      "mode": "baseline",
      "function_name": "python_fn",
      "n_invocations": 10,
      "n_cold": 1,
      "n_warm": 9,
      "cold_start_rate": 0.1,
      "p50_cold_start_ms": 1383.6758999998438,
      "p99_cold_start_ms": 1383.6758999998438,
      "mean_cold_start_ms": 1383.6758999998438,
      "p50_total_ms": 23.23195000008127,
      "p99_total_ms": 1278.015478000125,
      "mean_total_ms": 160.36265999998705,
      "prediction_precision": null,
      "prediction_recall": null,
      "prediction_f1": null,
      "prewarm_triggered": 0,
      "prewarm_hit": 0,
      "prewarm_wasted": 0,
      "pool_overhead_pct": 0.0
    },
    "java_fn": {
      "mode": "baseline",
      "function_name": "java_fn",
      "n_invocations": 5,
      "n_cold": 1,
      "n_warm": 4,
      "cold_start_rate": 0.2,
      "p50_cold_start_ms": 1540.5327000000852,
      "p99_cold_start_ms": 1540.5327000000852,
      "mean_cold_start_ms": 1540.5327000000852,
      "p50_total_ms": 23.975099999915983,
      "p99_total_ms": 1486.551368000064,
      "mean_total_ms": 330.82687999999507,
      "prediction_precision": null,
      "prediction_recall": null,
      "prediction_f1": null,
      "prewarm_triggered": 0,
      "prewarm_hit": 0,
      "prewarm_wasted": 0,
      "pool_overhead_pct": 0.0
    }
  },
  "20260421_110707_module_a": {
    "java_fn": {
      "mode": "module_a",
      "function_name": "java_fn",
      "n_invocations": 5,
      "n_cold": 1,
      "n_warm": 4,
      "cold_start_rate": 0.2,
      "p50_cold_start_ms": 613.5541999999532,
      "p99_cold_start_ms": 613.5541999999532,
      "mean_cold_start_ms": 613.5541999999532,
      "p50_total_ms": 14.953800000057527,
      "p99_total_ms": 611.0898600001929,
      "mean_total_ms": 136.8038400000387,
      "prediction_precision": null,
      "prediction_recall": null,
      "prediction_f1": null,
      "prewarm_triggered": 0,
      "prewarm_hit": 0,
      "prewarm_wasted": 0,
      "pool_overhead_pct": 0.0
    },
    "node_fn": {
      "mode": "module_a",
      "function_name": "node_fn",
      "n_invocations": 64,
      "n_cold": 1,
      "n_warm": 63,
      "cold_start_rate": 0.015625,
      "p50_cold_start_ms": 627.0796000001155,
      "p99_cold_start_ms": 627.0796000001155,
      "mean_cold_start_ms": 627.0796000001155,
      "p50_total_ms": 15.644300000076328,
      "p99_total_ms": 259.68815499985413,
      "mean_total_ms": 25.909543750000097,
      "prediction_precision": null,
      "prediction_recall": null,
      "prediction_f1": null,
      "prewarm_triggered": 0,
      "prewarm_hit": 0,
      "prewarm_wasted": 0,
      "pool_overhead_pct": 0.0
    },
    "python_fn": {
      "mode": "module_a",
      "function_name": "python_fn",
      "n_invocations": 10,
      "n_cold": 1,
      "n_warm": 9,
      "cold_start_rate": 0.1,
      "p50_cold_start_ms": 832.1694999999636,
      "p99_cold_start_ms": 832.1694999999636,
      "mean_cold_start_ms": 832.1694999999636,
      "p50_total_ms": 27.57965000000695,
      "p99_total_ms": 773.5668539999598,
      "mean_total_ms": 105.71724000003542,
      "prediction_precision": null,
      "prediction_recall": null,
      "prediction_f1": null,
      "prewarm_triggered": 0,
      "prewarm_hit": 0,
      "prewarm_wasted": 0,
      "pool_overhead_pct": 0.0
    }
  },
  "20260421_110718_module_b": {
    "java_fn": {
      "mode": "module_b",
      "function_name": "java_fn",
      "n_invocations": 5,
      "n_cold": 1,
      "n_warm": 4,
      "cold_start_rate": 0.2,
      "p50_cold_start_ms": 725.5791999998564,
      "p99_cold_start_ms": 725.5791999998564,
      "mean_cold_start_ms": 725.5791999998564,
      "p50_total_ms": 27.077200000121593,
      "p99_total_ms": 725.7430559999193,
      "mean_total_ms": 173.50590000005468,
      "prediction_precision": null,
      "prediction_recall": null,
      "prediction_f1": null,
      "prewarm_triggered": 0,
      "prewarm_hit": 0,
      "prewarm_wasted": 0,
      "pool_overhead_pct": 0.0
    },
    "node_fn": {
      "mode": "module_b",
      "function_name": "node_fn",
      "n_invocations": 64,
      "n_cold": 1,
      "n_warm": 63,
      "cold_start_rate": 0.015625,
      "p50_cold_start_ms": 680.4723000000195,
      "p99_cold_start_ms": 680.4723000000195,
      "mean_cold_start_ms": 680.4723000000195,
      "p50_total_ms": 27.005700000017896,
      "p99_total_ms": 285.0495949998759,
      "mean_total_ms": 36.68400624999535,
      "prediction_precision": null,
      "prediction_recall": null,
      "prediction_f1": null,
      "prewarm_triggered": 0,
      "prewarm_hit": 0,
      "prewarm_wasted": 0,
      "pool_overhead_pct": 0.0
    },
    "python_fn": {
      "mode": "module_b",
      "function_name": "python_fn",
      "n_invocations": 10,
      "n_cold": 1,
      "n_warm": 9,
      "cold_start_rate": 0.1,
      "p50_cold_start_ms": 700.4868999999871,
      "p99_cold_start_ms": 700.4868999999871,
      "mean_cold_start_ms": 700.4868999999871,
      "p50_total_ms": 30.004400000052556,
      "p99_total_ms": 655.1133529999994,
      "mean_total_ms": 96.8645400000014,
      "prediction_precision": null,
      "prediction_recall": null,
      "prediction_f1": null,
      "prewarm_triggered": 0,
      "prewarm_hit": 0,
      "prewarm_wasted": 0,
      "pool_overhead_pct": 0.0
    }
  },
  "20260421_110734_module_c": {
    "python_fn": {
      "mode": "module_c",
      "function_name": "python_fn",
      "n_invocations": 10,
      "n_cold": 1,
      "n_warm": 9,
      "cold_start_rate": 0.1,
      "p50_cold_start_ms": 579.6495999998115,
      "p99_cold_start_ms": 579.6495999998115,
      "mean_cold_start_ms": 579.6495999998115,
      "p50_total_ms": 15.339400000016212,
      "p99_total_ms": 544.2514410000241,
      "mean_total_ms": 74.69397999998364,
      "prediction_precision": null,
      "prediction_recall": null,
      "prediction_f1": null,
      "prewarm_triggered": 0,
      "prewarm_hit": 0,
      "prewarm_wasted": 0,
      "pool_overhead_pct": 0.0
    },
    "java_fn": {
      "mode": "module_c",
      "function_name": "java_fn",
      "n_invocations": 5,
      "n_cold": 1,
      "n_warm": 4,
      "cold_start_rate": 0.2,
      "p50_cold_start_ms": 558.0101999998988,
      "p99_cold_start_ms": 558.0101999998988,
      "mean_cold_start_ms": 558.0101999998988,
      "p50_total_ms": 16.191599999956452,
      "p99_total_ms": 554.9351120001484,
      "mean_total_ms": 128.1224999999722,
      "prediction_precision": null,
      "prediction_recall": null,
      "prediction_f1": null,
      "prewarm_triggered": 0,
      "prewarm_hit": 0,
      "prewarm_wasted": 0,
      "pool_overhead_pct": 0.0
    },
    "node_fn": {
      "mode": "module_c",
      "function_name": "node_fn",
      "n_invocations": 64,
      "n_cold": 1,
      "n_warm": 63,
      "cold_start_rate": 0.015625,
      "p50_cold_start_ms": 720.9838000001128,
      "p99_cold_start_ms": 720.9838000001128,
      "mean_cold_start_ms": 720.9838000001128,
      "p50_total_ms": 15.665449999914927,
      "p99_total_ms": 295.5198819999855,
      "mean_total_ms": 28.322417187499838,
      "prediction_precision": null,
      "prediction_recall": null,
      "prediction_f1": null,
      "prewarm_triggered": 0,
      "prewarm_hit": 0,
      "prewarm_wasted": 0,