{
  "20260420_210827_baseline": {
    "java_fn": {
      "mode": "baseline",
      "function_name": "java_fn",
      "n_invocations": 5,
      "n_cold": 1,
      "n_warm": 4,
      "cold_start_rate": 0.2,
      "p50_cold_start_ms": 499.86550002358854,
      "p99_cold_start_ms": 499.86550002358854,
      "mean_cold_start_ms": 499.86550002358854,
      "p50_total_ms": 18.457700003637,
      "p99_total_ms": 506.06686801067553,
      "mean_total_ms": 120.49450000631623,
      "prediction_precision": null,
      "prediction_recall": null,
      "prediction_f1": null,
      "prewarm_triggered": 0,
      "prewarm_hit": 0,
      "prewarm_wasted": 0,
      "pool_overhead_pct": 0.0
    },
    "python_fn": {
      "mode": "baseline",
      "function_name": "python_fn",
      "n_invocations": 10,
      "n_cold": 1,
      "n_warm": 9,
      "cold_start_rate": 0.1,
      "p50_cold_start_ms": 543.0631999915931,
      "p99_cold_start_ms": 543.0631999915931,
      "mean_cold_start_ms": 543.0631999915931,
      "p50_total_ms": 3.9710499986540526,
      "p99_total_ms": 500.74847400974255,
      "mean_total_ms": 62.29077999596484,
      "prediction_precision": null,
      "prediction_recall": null,
      "prediction_f1": null,
      "prewarm_triggered": 0,
      "prewarm_hit": 0,
      "prewarm_wasted": 0,
      "pool_overhead_pct": 0.0
    },
    "node_fn": {
      "mode": "baseline",
      "function_name": "node_fn",
      "n_invocations": 64,
      "n_cold": 1,
      "n_warm": 63,
      "cold_start_rate": 0.015625,
      "p50_cold_start_ms": 535.9348000201862,
      "p99_cold_start_ms": 535.9348000201862,
      "mean_cold_start_ms": 535.9348000201862,
      "p50_total_ms": 15.371899979072623,
      "p99_total_ms": 225.59371699899066,
      "mean_total_ms": 23.135807811286213,
      "prediction_precision": null,
      "prediction_recall": null,
      "prediction_f1": null,
      "prewarm_triggered": 0,
      "prewarm_hit": 0,
      "prewarm_wasted": 0,
      "pool_overhead_pct": 0.0
    }
  },
  "20260420_210911_module_a": {
    "python_fn": {
      "mode": "module_a",
      "function_name": "python_fn",
      "n_invocations": 10,
      "n_cold": 1,
      "n_warm": 9,
      "cold_start_rate": 0.1,
      "p50_cold_start_ms": 609.8379999748431,
      "p99_cold_start_ms": 609.8379999748431,
      "mean_cold_start_ms": 609.8379999748431,
      "p50_total_ms": 15.79685001343023,
      "p99_total_ms": 571.0290910032928,
      "mean_total_ms": 76.08481000061147,
      "prediction_precision": null,
      "prediction_recall": null,
      "prediction_f1": null,
      "prewarm_triggered": 0,
      "prewarm_hit": 0,
      "prewarm_wasted": 0,
      "pool_overhead_pct": 0.0
    },
    "java_fn": {
      "mode": "module_a",
      "function_name": "java_fn",
      "n_invocations": 5,
      "n_cold": 1,
      "n_warm": 4,
      "cold_start_rate": 0.2,
      "p50_cold_start_ms": 465.4101000051014,
      "p99_cold_start_ms": 465.4101000051014,
      "mean_cold_start_ms": 465.4101000051014,
      "p50_total_ms": 15.931500005535781,
      "p99_total_ms": 464.1040320042521,
      "mean_total_ms": 111.46333999931812,
      "prediction_precision": null,
      "prediction_recall": null,
      "prediction_f1": null,
      "prewarm_triggered": 0,
      "prewarm_hit": 0,
      "prewarm_wasted": 0,
      "pool_overhead_pct": 0.0
    },
    "node_fn": {
      "mode": "module_a",
      "function_name": "node_fn",
      "n_invocations": 64,
      "n_cold": 1,
      "n_warm": 63,
      "cold_start_rate": 0.015625,
      "p50_cold_start_ms": 485.80029999720864,
      "p99_cold_start_ms": 485.80029999720864,
      "mean_cold_start_ms": 485.80029999720864,
      "p50_total_ms": 15.4917000036221,
      "p99_total_ms": 198.98623199900493,
      "mean_total_ms": 21.738181249020272,
      "prediction_precision": null,
      "prediction_recall": null,
      "prediction_f1": null,
      "prewarm_triggered": 0,
      "prewarm_hit": 0,
      "prewarm_wasted": 0,
      "pool_overhead_pct": 0.0
    }
  }
}